class,imgName,superpixelNumber,pdf_1,pdf_2,pdf_3,pdf_4,pdf_5,pdf_6
2,img2,sppx22,2.12789098588528,0.0578474467368,5.13248732355552,266.584739640977,612.661118979757,61.9386647891025
2,img3,sppx22,0.258827952852792,0.388657863177506,12.4688730356367,267.346135740733,415.230270861754,105.876116953531
2,img4,sppx22,3.4480640439884,0.050177129106156,5.67094735278783,281.270449005014,644.664988505816,66.3734387501392
2,img7,sppx21,0.013289753292944,1.63249932742751E-05,0.03839520892898,40.5974108632375,104.471108851957,0.350804000760981
2,img9,sppx46,3.76310240825469,7.07140538240461E-05,0.037417990412492,105.783371159964,536.169468542336,2.44936568384001
2,img11,sppx20,8.03116888167383E-16,928.36697691558,0.778278427722536,14.6842131252908,0.001706067419656,250.891365476172
2,img11,sppx21,2.27140833355728E-17,1539.99016497967,0.49253077607718,5.82797460557692,3.62898487408192E-05,106.324622371677
2,img11,sppx22,3.84526532002993E-12,468.00620133715,6.80810327911298,48.3706022901997,0.137228655899313,516.760417070807
2,img11,sppx45,8.08737725714815E-15,1272.75593459521,1.7020967518904,18.4166193817719,0.003121199740662,295.325525693648
2,img11,sppx46,3.20370465498534E-15,1572.40839372437,1.52213912755476,14.431653949102,0.00111837845278,237.998236002653
2,img12,sppx13,1.26992190149123E-14,1597.55258116107,2.5068063146428,14.6619210026061,0.001059174819923,207.111306717127
2,img12,sppx20,1.26755758373685E-13,1094.98553768571,3.37654106583623,27.5529774285647,0.013804247850024,386.931444913186
2,img12,sppx21,1.0458112853605E-15,1448.7021603545,1.05112586826544,13.1031515123155,0.000852288095808,229.168291457404
2,img12,sppx22,7.81559695147592E-14,1454.63417847151,3.37801328780616,22.9262385817214,0.006076999926424,328.773245422723
2,img12,sppx29,9.77012402941415E-16,1656.11568121249,1.26720485244272,10.6886236902726,0.000339844715277,174.573647411195
2,img12,sppx38,4.47193242870454E-15,1319.33420467956,2.168051468039,10.5274532435059,0.000308006654184,133.219590997247
2,img12,sppx44,4.57059646172909E-16,1612.97244521191,1.09599162009438,9.02251322304473,0.000177857629339,146.285339887112
2,img12,sppx45,5.41073809409235E-16,1589.46859275308,0.960857453681592,11.0754776064863,0.000425876179373,195.870467592704
2,img13,sppx13,4.4656965388905E-13,780.66696369802,4.28080571045988,34.7556122239882,0.036239875014685,443.530957994819
2,img13,sppx20,1.66760219686201E-16,1630.66273622729,0.754584478495504,8.72053383167964,0.000168563751243,157.166381211693
2,img13,sppx21,2.17026394811587E-19,824.814131422803,0.18998553909767,2.04039166863059,7.12381344351218E-07,32.5991669977431
2,img13,sppx22,1.36038340042941E-13,1228.80100539694,3.59471314716402,26.7421640021812,0.011640890135352,376.595806824129
2,img13,sppx38,7.70245718616995E-21,730.49916323302,0.072276917890425,1.25326770528728,1.20019180387585E-07,22.9042061559699
2,img13,sppx44,1.51187203615731E-16,1633.58807194828,0.751145223793193,8.41986042790682,0.000146031005388,150.776077174038
2,img13,sppx45,1.07591795937457E-15,1585.18727772974,1.14773353963669,12.2907115071902,0.000623263751008,211.785783677481
2,img13,sppx46,7.51938763188485E-17,1401.03279177429,0.761087925877741,6.09799933949303,4.07753260031654E-05,96.1902848575287
2,img14,sppx12,1.27379380455819E-13,842.852582346761,3.11148724440418,29.3287309985626,0.019630343466,399.866671397121
2,img14,sppx13,1.25381818890389E-13,804.108079691292,3.05660310403031,29.5307408298537,0.020573053247744,400.232662117555
2,img14,sppx20,1.41779765675849E-18,956.327884079608,0.306282462610318,2.82366217210327,2.35919947671181E-06,43.9069459695276
2,img14,sppx22,4.40336457144163E-13,835.347869702668,4.34125386919956,34.2551030952652,0.033387881721227,441.450567658101
2,img14,sppx44,2.41400020288952E-15,1221.16091188471,1.19605989952122,15.8675180964026,0.001899146132153,267.175283885984
2,img15,sppx13,1.9306708580672E-12,523.680264196805,5.79107538313807,43.9986413886792,0.095648681238625,494.070202270914
2,img15,sppx44,2.01159979025389E-16,1544.2932621513,0.716494992877512,9.80561131533724,0.000281517878114,181.300855648574
2,img15,sppx45,5.41427146873913E-18,1227.94577630997,0.22301750690236,6.37382171665919,7.02404587997798E-05,135.356398598316
2,img15,sppx46,3.72333698889633E-16,951.250349209484,0.631542737558839,13.1050353844315,0.001126700616422,231.662363322011
2,img16,sppx13,2.8784752859458E-15,1628.14070625606,1.54663572527338,13.6106177184201,0.000868945727798,222.041906493325
2,img16,sppx14,5.0610966502908E-13,677.142746036171,4.27381307435459,36.1368488521463,0.044197881168163,448.984681120043
2,img16,sppx20,3.1989656512171E-21,685.273642986519,0.056311884183359,1.08716931027425,7.14186600612127E-08,20.2922761834137
2,img16,sppx21,1.75599580721455E-14,1469.81600347034,2.27726457075563,19.0038131184453,0.003142028043863,293.42449585765
2,img16,sppx22,4.48118777146429E-16,1583.05267040534,1.11553575237786,8.75088920648155,0.000157380916487,139.197145308275
2,img16,sppx44,7.82840715437988E-17,1502.25663115333,0.730978649469384,6.52995067352288,5.32326573616628E-05,108.241673853351
2,img16,sppx46,8.11619423413172E-15,1068.11885729595,1.57799282098109,19.4689753164742,0.004218537913409,307.817177977051
2,img17,sppx12,5.59005857992393E-15,1452.56542063538,1.65843872734644,16.4910657897362,0.001926950547174,268.63045032342
2,img17,sppx13,4.88078760355423E-12,793.442141161038,8.04699004478001,45.9569291962003,0.091885915555235,525.912534297331
2,img17,sppx14,1.5966861338387E-14,1575.35621961237,2.35352715235245,17.6770257816473,0.002280640874228,269.555855397423
2,img17,sppx20,3.5079294211909E-19,1123.57924092544,0.185115605581203,2.61309497768481,1.81830636987477E-06,48.264395047842
2,img17,sppx21,1.58078152172662E-13,1173.10893416838,3.6735856711475,27.6986666750954,0.013507614006777,386.654713417321
2,img17,sppx22,7.29021637417005E-16,1657.94482487837,1.15204626282132,10.4650943859227,0.000318773431079,175.092257192264
2,img17,sppx44,9.54334957682384E-19,1253.08269628907,0.232081536390332,3.21152813116484,3.92904664368612E-06,59.9626069116315
2,img17,sppx45,7.6613740023344E-17,1616.04800034096,0.634001079796397,7.52166738316604,9.6127071735175E-05,137.246621508454
2,img18,sppx20,5.13678524501797E-15,1332.18951481439,1.5391651199613,17.0162836893766,0.002293109802431,278.677893057331
2,img18,sppx22,2.6775018649036E-16,1435.34131697524,0.722083329555116,10.8016212167618,0.000428262524893,199.411031703934
2,img18,sppx44,2.86257747204458E-17,1498.5888439988,0.418893947579647,7.34710035757387,9.96077847190003E-05,145.789161500028
2,img18,sppx45,3.45590854033814E-16,1596.90330017527,0.860847527937732,10.2829607421792,0.000322717761941,184.521473982676
2,img19,sppx12,4.74662767399043E-15,637.44526721983,1.13619708043568,20.0250392720036,0.006128017145919,299.718952904596
2,img19,sppx13,5.95606817841325E-14,838.277810326393,2.52120611759303,26.6628963285786,0.014224516425481,375.427378694901
2,img19,sppx21,8.96498877979095E-21,590.84816815809,0.084148839422758,1.14559589159811,8.51043719877169E-08,18.6338288131371
2,img19,sppx22,5.77623060444275E-16,1648.42626489797,1.11745863383987,9.78980730206806,0.000245149741878,162.205799414844
2,img19,sppx44,2.70135742307388E-17,1573.67124639905,0.4931035945419,6.25452968431223,4.82325864946402E-05,116.572835610016
2,img19,sppx53,6.28453374968782E-19,1250.59825972666,0.203418248833895,3.05872996192822,3.31287774096657E-06,58.5608271844235
2,img20,sppx12,3.23436105371685E-15,1461.2762624322,1.43597175066233,15.2615949797683,0.001457736190063,254.490663256947
2,img20,sppx13,1.74585899513884E-13,672.429307103472,3.19056708844441,31.7072085931765,0.028547751751376,412.107277672892
2,img20,sppx14,1.80237818601572E-13,621.149007343766,3.15510693867662,32.1990051029623,0.031209969736407,412.448790054348
2,img20,sppx19,7.68094719020759E-20,474.821154021021,0.170635984005157,1.39178975458061,1.77622399145822E-07,18.0735515378955
2,img20,sppx21,5.09936170233683E-17,1454.64816948624,0.666616265459828,5.9818275593881,3.83338433609178E-05,98.8865395217536
2,img20,sppx22,6.96815924417731E-16,1639.28099290004,1.19340633590228,9.86455372230973,0.000249502598643,160.204453664024
2,img20,sppx53,7.36385734176736E-25,101.850520076453,0.008075266263017,0.166363226028258,7.20128356709258E-11,2.1872381358904
2,img21,sppx12,1.64687144315383E-15,1152.43569242354,1.04618201051935,15.3362655585735,0.001747250155411,261.103106990854
2,img21,sppx13,1.70620779465516E-13,833.202321609961,3.35843425139803,30.489633012677,0.022529597500803,409.744273551347
2,img21,sppx14,4.44338768883897E-15,250.60343502483,0.868651653938208,21.8315593643564,0.012764817069901,271.518608723526
2,img21,sppx21,2.05857757296402E-20,803.718182800515,0.09378971806854,1.49215042097416,2.27875371352803E-07,27.0118176359297
2,img21,sppx22,2.03077552632248E-13,875.080582449223,3.57060484251326,30.8553882857776,0.022889652439036,414.169124387963
2,img22,sppx12,5.25582234674093E-16,1612.43969669318,0.973468041769966,10.824508454109,0.000384704009953,190.444921150247
2,img22,sppx13,2.26004846829233E-15,779.868611058636,0.980061268291967,17.5372901558041,0.003491900553298,279.92096466743
2,img22,sppx21,2.6856825776439E-17,1527.89485232721,0.525847948680099,5.85371025608261,3.64689215277997E-05,104.700262129138
2,img22,sppx22,4.91028679678939E-17,1592.59142373407,0.583843358792144,6.79013823878591,6.4675655963934E-05,123.377083094053
2,img23,sppx12,5.77586625912539E-16,1227.1972629429,0.806663071867715,12.9622846772177,0.000924558450403,231.415254111462
2,img23,sppx13,1.27101758874636E-16,1209.36801315972,0.525327154521107,10.456853270198,0.000432794953845,197.866272490049
2,img23,sppx14,4.09944123005002E-15,1107.50451927491,1.32484710313492,17.5844028560167,0.00289458226077,287.196573564334
2,img23,sppx21,8.43086489859949E-14,1328.79257469926,3.27618859586404,24.4039541104468,0.008074213268287,351.705873079056
2,img23,sppx22,1.12452818915217E-17,1041.50928121118,0.524124830627716,3.90959069924602,7.84782317234831E-06,57.0112282193538
2,img23,sppx29,1.65083256737903E-16,1080.08083886806,1.03786151572863,5.81270733310231,3.42945351681376E-05,75.7688708796112
2,img23,sppx45,3.68304540128987E-26,10.2052769067658,0.005721089598924,0.054458648781539,1.41951419221367E-12,0.341690336530949
2,img24,sppx13,4.20511112732641E-14,448.619172101847,1.93361881353131,27.8251278291534,0.022179720372353,356.800964474679
2,img24,sppx14,8.4316292696605E-18,1445.46605879459,0.2947202507189,6.15432046849545,5.31187738736151E-05,127.489794036141
2,img24,sppx21,9.99554794293805E-08,47.0270487402237,62.4432611872312,160.83472651082,13.0062082321732,694.943271937032
2,img24,sppx22,3.06394238545501E-17,1505.88562444666,0.557565689224459,5.82503414383781,3.5410749012638E-05,101.90604340441
2,img24,sppx29,4.50389540477558E-15,1630.69575767008,1.7503842864663,14.3774432129846,0.00105256036382,229.23274033124
2,img24,sppx45,4.10476211903871E-22,248.934686173864,0.044737164910943,0.534232320081567,5.23289719815565E-09,7.01660868025091
2,img25,sppx14,9.46774356850197E-17,1157.30364414679,0.471876021294932,10.1677168982591,0.000403182033282,193.902449935785
2,img25,sppx22,5.89987534602914E-16,1581.81312273099,0.976939551804143,11.2803108113341,0.000457788156224,199.164335638854
2,img25,sppx29,2.47487535166327E-14,1206.04334551523,3.26643670230468,12.990441011517,0.000683596031958,146.219171734932
2,img26,sppx12,3.095296936979E-14,1490.70599501312,2.67945143822972,20.180290942797,0.003826940343955,302.345805620806
2,img26,sppx13,7.71195063715816E-19,1316.47087488874,0.145861199515289,4.32897108690985,1.52850510835116E-05,96.9645788335405
2,img26,sppx19,1.36567957541677E-18,1431.8988960139,0.202917840285546,4.18498973175188,1.17695692301266E-05,88.3257355819574
2,img26,sppx21,4.68766572589354E-18,1010.49171843727,0.41802165854264,3.41435851630625,4.75588347161861E-06,51.2741383470892
2,img26,sppx35,2.80429595458557E-17,1337.55595251399,0.371738194289368,7.94347561610067,0.000147777914309,159.531341764609
2,img26,sppx37,5.13825251489379E-17,1549.33150108424,0.626343868044381,6.43957111538442,5.1581833669327E-05,112.38785525681
2,img26,sppx44,5.53715442029228E-15,1413.28550490163,1.62531667496062,16.7200299212277,0.002066134603492,272.857346630361
2,img27,sppx12,3.90931532517098E-16,1591.39708122228,1.06954857888893,8.65218483683739,0.000151436513138,139.26395831858
2,img27,sppx13,1.40640177683193E-14,1585.08660217912,2.2899922683543,17.2760166711343,0.002089220133809,264.436726211184
2,img27,sppx19,1.52501783552531E-20,256.331237395095,0.126814990937404,0.88964116853187,3.57571235081617E-08,9.6240691813181
2,img27,sppx21,3.44569415008338E-20,170.313565260102,0.171348632084991,0.877380263465146,3.66788567683883E-08,7.63722360349617
2,img27,sppx37,3.46385839009755E-20,829.386894542664,0.108606222114565,1.6198084809094,3.07579160711493E-07,28.8949168593069
2,img27,sppx44,6.01195570737717E-21,944.949885604881,0.054477983703876,1.46054120492423,2.26123105640848E-07,31.5683764147814
2,img27,sppx45,2.19866243028802E-15,1582.32582020591,1.38540344613212,13.6209250393805,0.000903645046493,227.928460656156
2,img28,sppx12,1.39384348458144E-16,1156.83254601481,0.525655982119413,10.7666211215469,0.000495357498631,202.288887716511
2,img28,sppx13,1.73346135529517E-16,1313.88545902271,0.602351289054762,10.5892922617869,0.00042691952757,198.857134325232
2,img28,sppx21,1.55020441999197E-17,901.523333643584,0.598545754113414,3.80874704172018,7.19883190907705E-06,50.7012792091961
2,img28,sppx37,1.98204311353256E-20,561.662082709704,0.109193136071462,1.24181074076335,1.14573430129482E-07,18.8194476288984
2,img28,sppx44,1.36440022809641E-16,1532.41251495004,0.836675989048929,7.1745508392574,7.54295002796387E-05,117.490250474444
2,img28,sppx45,2.43912316180523E-15,1367.18017376736,1.27438869565029,15.1974638248476,0.001510343003975,256.972548414732
2,img29,sppx12,1.17528122249467E-17,1401.72584696481,0.451751897161045,4.79783923371359,1.7105294420827E-05,83.6214143804373
2,img29,sppx13,2.27804670923604E-16,1225.1607251702,0.622428101418527,11.3394834545844,0.000573896588681,209.977482661417
2,img29,sppx21,6.75458825174438E-19,513.967684992917,0.303273839579175,1.94325343685733,6.18079251678359E-07,23.2656694930694
2,img29,sppx36,9.51865675700378E-16,814.031322219307,1.6754162902098,6.63344439322215,5.9143277623455E-05,69.2887441656265
2,img29,sppx37,3.7919507405914E-20,848.11268373633,0.110337766030786,1.65942351053866,3.36675583657751E-07,29.7983423511292
2,img29,sppx44,1.0505480937891E-15,1120.67445486897,1.61216996141472,7.75340637702157,0.000100298612111,94.8803321683432
2,img29,sppx45,3.59996769133353E-14,651.310790001521,2.03729783743666,26.0575304946294,0.014910731831717,360.141670748813
2,img30,sppx13,7.7152224657238E-16,1574.09843658467,1.0425226167793,11.7959503124613,0.000541327714943,206.412676242129
2,img30,sppx18,6.40585468092239E-18,1515.78706799932,0.32259771489679,5.16882246386806,2.46737459830957E-05,102.624638933239
2,img30,sppx20,5.8253550487927E-19,951.757485739298,0.237708120687676,2.50488297325449,1.5191331692319E-06,40.8129981232217
2,img30,sppx36,2.8691492102436E-21,322.526433853066,0.07402792384064,0.765525565594542,1.9646467079974E-08,10.0597224199359
2,img30,sppx37,2.76164591811594E-21,706.834488901661,0.052628842943695,1.08779992115736,7.20476279115417E-08,20.8349063248322
2,img30,sppx43,5.7710718928986E-19,742.181321527206,0.261754645968561,2.21066241041617,9.61057641953433E-07,31.7306960858028
2,img30,sppx44,1.6306554750556E-16,1600.52965338328,0.714605696594005,9.08157818943187,0.000203132957985,166.848947056125
2,img30,sppx45,6.70246155321273E-17,1564.30501900218,0.551390376773039,8.08086576316711,0.000135335072449,154.173664028638
2,img31,sppx12,6.14209911466713E-13,228.413935365443,3.60603169845375,41.0760077412287,0.107685710595076,411.097809481585
2,img31,sppx13,5.52135387950869E-18,1507.65617295875,0.29932365236497,5.19909129430502,2.58269028000658E-05,105.192155378738
2,img31,sppx19,3.67564143849221E-18,1462.64352400985,0.24950680706647,5.15734722778724,2.64854601841898E-05,108.093493221452
2,img31,sppx20,2.11259583724387E-21,453.537459880368,0.060033671043311,0.842887321742839,2.75334134881889E-08,13.1663975828487
2,img31,sppx36,6.60270598090411E-21,554.297160268371,0.078686334348391,1.06895467482901,6.59503817135549E-08,17.1651893901924
2,img31,sppx37,2.62611677439959E-20,832.806579491517,0.099273600223031,1.56954736416953,2.74851782783849E-07,28.5376122030234
2,img31,sppx43,1.29890638611837E-20,650.555019420069,0.090410408870395,1.25850922188957,1.2041821453603E-07,20.9985159607535
2,img31,sppx44,7.42062856937918E-17,966.978591963788,0.40149417132633,10.3439932573574,0.000481424769717,195.198694044588
2,img31,sppx45,1.15567922046419E-17,1276.42095155476,0.282085138582695,7.0676147601124,9.97966777845396E-05,146.364347567538
3,img40,sppx20,0.006905515072842,3.77781188295E-29,189.685743880252,0.170740879473819,1.24002076287182E-05,4.07577011435234E-09
3,img40,sppx21,0.004649324223271,6.1991576E-33,143.589021517367,0.042631639701133,2.20684591387736E-07,9.63065487885554E-11
3,img40,sppx44,3.46022703083626,7.91305124994127E-26,59.3855237139268,0.218663137305016,1.89002398236341E-07,7.16985690306637E-08
3,img41,sppx21,0.059635491598233,1.1170473134791E-21,336.340287860438,1.96303991334864,0.003767858895762,5.50746808734314E-06
3,img41,sppx28,1.39249370621608,3.08315074950706E-11,537.452928524468,45.1452754839171,3.16439570572338,0.092041702953993
3,img41,sppx36,1.63022198808035,3.31607624268915E-21,287.410303166598,1.80298526098357,0.000455978775168,8.01742338756023E-06
3,img41,sppx43,5.21229753576796,6.10246252751013E-18,312.949800508823,5.17129390538003,0.005468990716109,0.000178969331446
3,img42,sppx20,0.193838996526369,1.14224492172604E-23,299.664549665816,0.915300853527136,0.000222677055145,7.89617512790376E-07
3,img42,sppx35,3.150048371637,4.71847067402868E-17,382.26153474007,7.30914909871567,0.01947901968771,0.000423731916407
3,img43,sppx13,6.19118965437165,2.36662910301112E-21,170.264584770944,1.40513324690682,8.30466016173156E-05,6.39308006733987E-06
3,img43,sppx20,0.098647617007204,1.57132623408344E-25,263.836489061318,0.496992478273241,5.45604025731031E-05,1.3095780822599E-07
3,img43,sppx21,5.08359753819083,3.63272603868347E-15,401.268675837196,13.2277509184073,0.081732692797463,0.00247915902412
3,img43,sppx28,0.138823761534505,1.56703949287764E-19,392.241684757054,3.8139870041428,0.014891679666293,4.22608989601239E-05
3,img43,sppx34,0.01443410335092,6.96415324220282E-23,276.817383201997,1.40438926622216,0.003109144725633,1.75557588152835E-06
3,img43,sppx35,0.37587131935272,4.38095456741257E-16,472.985342037874,10.952516467854,0.150813629240811,0.001075690827213
3,img43,sppx36,2.13747088804509,6.18444709571573E-15,462.84370807827,14.8347961558787,0.162651722688995,0.003114488594767
3,img44,sppx21,0.312226347458841,5.54526973443217E-16,473.386429919017,11.3496079937055,0.177789321336759,0.001182954464169
3,img44,sppx28,0.008002770562274,3.08953019297995E-20,278.896756966888,3.28736260076306,0.035697334406128,2.15934814501181E-05
3,img44,sppx29,9.29090698683687,3.65240546776666E-16,317.876456131654,9.0959324367162,0.021101796166181,0.000952994746074
3,img44,sppx35,2.34259975375397,6.63002861341676E-15,458.951437606533,14.9227899199611,0.159006377167133,0.003200442228573
3,img45,sppx20,0.47571281824463,2.51471519925988E-16,468.475220667212,10.1015425969723,0.111231871812983,0.000858906088213
3,img45,sppx21,0.028778625787258,7.8423579843458E-21,326.987365745457,2.65550333291543,0.011943298950479,1.23696292334858E-05
3,img45,sppx28,8.83487197558096E-05,1.9373038015752E-27,84.3413226069376,0.375561203811484,0.001176581042593,2.22100327464543E-08
3,img46,sppx29,0.000659805434159,1.2566714829222E-27,138.013856455076,0.333823718198893,0.000323684102404,1.86008226411242E-08
3,img47,sppx29,0.00582989890983,5.73278373387691E-25,224.696207492654,0.734947165636173,0.000867512230609,2.38810110758411E-07
3,img56,sppx20,0.003499908591319,9.442839E-34,133.33697834119,0.032073901817943,1.0945864944197E-07,4.29998218208836E-11
3,img56,sppx35,7.04872360129995,1.29366164061054E-10,451.26317633464,52.964495897965,2.85976994947692,0.161277479927256
3,img56,sppx36,0.000634588492366,1E-40,65.0847687257976,0.002118694886649,4.07634063995504E-11,3.50772477370947E-14
3,img57,sppx20,0.14151053040562,3.8834003145054E-27,216.163208424595,0.258766700043156,5.52451207436227E-06,2.6326557970351E-08
3,img57,sppx35,0.139509883023107,9.76272787875334E-23,325.047580096449,1.30585801132974,0.000764870468557,1.96661507567124E-06
3,img57,sppx36,0.386875451975997,8.4143284698323E-26,214.68646323503,0.377399188789977,8.83683915834893E-06,9.3731383555333E-08
3,img58,sppx12,2.85383808497351,7.8527458141303E-20,295.93998339995,2.7989295468946,0.001231873932518,2.97019178116508E-05
3,img58,sppx19,3.22393261835179,1.22839132964891E-12,486.172323773853,29.6605344112627,0.846334049500546,0.025880419688287
3,img58,sppx20,0.002983382314003,4.3799031018E-30,165.184747718174,0.130855117274163,9.68107045877928E-06,1.6610821586522E-09
3,img58,sppx35,1.26283199011214,1.61066211877704E-17,419.053145287668,6.62234514128964,0.023179249227649,0.000277420635723
3,img58,sppx36,0.786114781123457,1.95857641664253E-24,220.545886604742,0.580995856856343,2.11688757328016E-05,3.48827348646233E-07
3,img58,sppx43,0.000793925648123,3.7860717357E-30,133.544447628938,0.140890994220157,2.71866205438773E-05,1.60431965909916E-09
3,img58,sppx44,0.729766990521194,9.64926867964904E-24,248.804658418248,0.768703333873847,5.4714651414141E-05,6.95171894713685E-07
3,img59,sppx12,3.29115893297315,9.63496591571492E-21,250.76932299818,1.96572799126631,0.000379184308866,1.21613125890983E-05
3,img59,sppx20,0.306664085432939,6.93103065371393E-23,310.911947399825,1.16223288600325,0.000342030496519,1.66717654398629E-06
3,img59,sppx27,1.00363860795725,1.9095622565375E-16,454.951380219565,9.47935406658903,0.068307964198737,0.000764898921953
3,img59,sppx34,0.216035192542192,4.72821064348783E-22,338.68781692395,1.6040473383162,0.001077617723252,3.77375937453869E-06
3,img60,sppx19,9.68724384285455,6.58601680850619E-06,339.708707509911,187.820099003555,60.4705519985731,9.54895663517628
3,img60,sppx20,0.106472295027083,6.92206551647366E-24,300.132803023924,0.891792539699869,0.000296610845906,6.50087825812456E-07
3,img60,sppx34,0.718531913779432,2.13417424336368E-14,504.844012402202,18.0535549627092,0.415814871356912,0.005146573920586
3,img60,sppx43,0.443837300864216,3.17194804198744E-20,375.225680970957,2.85471260126707,0.003753457033137,2.1512746372218E-05
3,img61,sppx11,6.1613352057497,2.64516184051792E-19,248.389023950112,3.103558753793,0.001052752773642,4.77066711289293E-05
3,img61,sppx20,5.14519702826375,1.51853318559689E-10,475.995145292985,54.3317693076514,3.35961196899023,0.171901911032175
3,img61,sppx21,1.47168187408689,2.61151628347967E-19,357.948508929811,3.58170071829124,0.003753660913219,5.02688188719624E-05
3,img61,sppx27,1.16707160263375,5.04311361297388E-15,483.723420314449,14.7338030483879,0.204863739636893,0.002880034265108
3,img61,sppx34,1.51452376792532,7.74989012654609E-16,456.260923906976,11.3108690897646,0.091431140686434,0.001346989825912
3,img61,sppx42,8.56322301513323,4.7070005425835E-12,421.942863569759,34.3685267220196,0.873111486918988,0.043743795851991
3,img61,sppx43,2.90426626828764,8.60334698874534E-19,331.228307893654,4.04854396336017,0.003678747389874,8.08557692217052E-05
3,img61,sppx44,3.44679468664321,1.94890070050716E-17,363.640337440253,6.37749395690377,0.012602677204175,0.000293586007439
3,img62,sppx19,5.26246818913858,6.15971235292787E-10,475.002971149146,64.5837214129942,5.13209465012171,0.295957675494742
3,img62,sppx34,3.76207279380876,1.01172912801021E-17,347.645238507166,5.74512872192618,0.008899011990933,0.000223272668333
3,img63,sppx34,3.69904316559998,8.19592077747333E-07,453.446032376914,148.794740742407,40.9013076313239,4.48453990869463
3,img64,sppx12,1.2342762040169E-05,0.182864192402731,145.729768098661,210.052509801692,89.1523524762915,201.285526285362
3,img64,sppx13,8.89086326364228E-10,0.001885380101014,9.56672678787642,66.5471503554464,14.1109060868396,25.1442881380879
3,img64,sppx14,1.07105477624254E-08,0.041555609722997,24.6621664089306,101.904496089818,20.6799826992748,82.4791930553789
3,img64,sppx19,0.012752512783211,0.598928031749387,287.966456139695,370.427100635021,296.225398316868,366.012353296095
3,img64,sppx20,1.94457775721789E-07,0.10776319647499,56.4357755752463,141.374341933028,38.0150274227147,134.575953272511
3,img64,sppx21,5.95549313547463E-07,0.994542233134958,80.6227945722913,175.016304345787,41.3257843732913,283.989789771878
3,img64,sppx22,3.37576486288131E-08,0.003212750226322,29.4813345350412,97.2137962452074,30.6621219012741,38.2395041960059
3,img64,sppx23,4.03965766837729E-06,0.016539493893959,108.90775760792,165.105558453695,75.3664498012181,87.8932994927686
3,img64,sppx28,3.61405047724931E-05,0.002936680480889,168.074908711175,174.696036365946,104.90144131313,55.5788240811549
3,img64,sppx35,6.22138598735604E-08,0.029413440364618,39.323612881212,118.100812054865,31.7901897243408,82.6615477103252
3,img64,sppx37,2.86574374962111E-06,60.9517677757086,109.62747204665,215.414886084092,29.7367938017774,832.438776139063
3,img64,sppx38,3.23418280172603E-06,0.063372562352187,107.727412812087,176.273645785745,70.6400182890245,134.133781804118
3,img64,sppx39,3.12226842059175E-05,0.030745082803036,169.858880388801,203.347920275643,107.885466525846,120.018955505295
3,img64,sppx43,3.2362180392059E-05,8.9731012635457,165.570546661051,266.278329288242,82.1184753335785,624.176831355273
3,img64,sppx44,0.000500345922725,9.39803186392316,201.697018963377,324.673533406316,146.770306638692,667.490014844355
3,img64,sppx45,8.0075157588545E-05,4.13651246626743,190.997149289201,281.251598663411,109.732815954251,534.589906920242
3,img64,sppx46,0.000678918420911,0.042389236214611,279.939278402928,262.222491475853,175.939898226363,153.45035462395
3,img64,sppx47,1.12488855142712E-05,0.416830443964946,144.767484226027,217.824455027932,84.7169101564417,257.587266006764
3,img64,sppx5,1.22889586972949E-06,0.488906323294917,92.4587943948425,180.957824953377,51.9838497398731,239.672519877921
3,img66,sppx20,9.88481935425234,7.05285915430574E-15,349.670501496099,13.9476153141976,0.069857033262528,0.003196755569288
3,img69,sppx22,0.011221867427651,4.706303801E-31,170.127798535436,0.079181102219402,8.23602754779417E-07,6.05381640721679E-10
3,img69,sppx37,1.51542791869372,0.000754722071444,365.684474166093,288.776717194983,199.723905530437,49.7340025439149
3,img71,sppx20,1.98343439433866,1.29071938687139E-18,363.03917428447,4.44503386483522,0.005963695106405,9.6872293016265E-05
3,img72,sppx12,2.63501502939873,2.80066855453649E-15,443.436901240879,13.1884789077398,0.108543252603646,0.00225474028824
3,img72,sppx19,2.99292650008384,7.96089542101437E-19,327.811768922129,3.9898206783666,0.003463936837913,7.81976078884521E-05
3,img72,sppx20,0.41282806540619,3.33603376083738E-13,523.533442352598,25.852555514973,1.2185593203244,0.015346610018067
3,img72,sppx21,2.36455169087362,1.20469067283684E-12,502.267301947714,29.7937947230498,0.955559119953326,0.025705877999881
3,img72,sppx28,9.46786219377816,3.2015016167735E-12,410.439502958474,32.5394514410843,0.727939290546813,0.037490549078262
3,img73,sppx12,1.29960555294365,6.20186271998506E-14,502.722769326638,20.5055147177315,0.4598503286144,0.007890125923891
3,img73,sppx19,0.074213068248666,9.9199428731703E-25,282.529520801749,0.681225745072608,0.0001674302043,2.88868863736846E-07
3,img73,sppx20,0.546106735888557,5.31481309708775E-12,540.805858348882,36.4434337035707,2.52007865354248,0.045863839624535
3,img73,sppx21,1.3405232573562,2.93353335538292E-14,495.60298709525,18.5632364574266,0.352364866719852,0.005845126374377
3,img73,sppx28,0.076352894377258,1.54329852979513E-15,440.944359832991,13.193542220555,0.434479810706165,0.001768380042153
3,img73,sppx44,5.382488412705,3.16948094935237E-17,334.395638919244,6.6152841064219,0.011089623806222,0.00035407629558
3,img74,sppx12,1.5404937551154,6.41407156447406E-17,427.266391766278,7.97598393357535,0.035190901648725,0.00048743603491
3,img74,sppx19,8.6336450975372,4.15961011555435E-18,259.324245439207,4.621372804731,0.002918512976157,0.000149169975466
3,img74,sppx20,1.64936341363163,4.42754060793952E-10,537.575794170661,62.3832227130207,6.5092190660281,0.259530316461282
3,img74,sppx28,1.00967693234585,9.79273813059157E-17,447.576172277984,8.6378983106812,0.053102303962832,0.000582574149935
3,img75,sppx37,1.95186614696446E-05,0,46.5417493913901,0.003323675169744,4.30060221285231E-09,2.95807563290576E-14
3,img76,sppx20,0.406184031198007,5.06136899567117E-13,525.885674576363,27.2415727271654,1.38803631967058,0.018098258448084
3,img77,sppx20,1.36468059384773,1.08204124368464E-09,543.419285408584,69.3354442450108,8.75604210126148,0.365618005025189
3,img78,sppx13,0.00533244692757,0.380699248098635,302.329647325549,344.014833530207,256.218976402462,319.174489906441
3,img78,sppx19,1.11045705795253,1.45218954324891E-08,543.502804638118,93.4830964059133,18.1584597690718,0.982766591245875
3,img78,sppx20,0.000321531130686,6.01345197655688E-06,235.858855200212,122.338279675591,81.9960441033161,7.06498725672834
3,img78,sppx21,0.091847645483566,0.001241819083263,440.207460390534,269.982631384414,205.262250863938,56.6186058991949
3,img78,sppx22,0.01145381354379,7.24343877324871,148.104979137846,370.551463703719,264.061844787555,561.137252746557
3,img78,sppx23,0.000369172027269,6.65132015817318,209.223168311895,317.773049216122,143.936266425204,621.802012493362
3,img78,sppx30,0.00532706951524,0.071262975216478,335.313281422832,311.894444343115,239.00454228863,194.481344210176
3,img78,sppx45,0.044086186568124,0.099499134896726,334.930023323659,360.609766708773,317.561320021419,225.321985865052
3,img78,sppx46,5.26872789716068E-05,8.09411744428481E-18,7.06760868527206E-09,0.770239686071393,32.6945669869675,6.01970022635335E-07
3,img78,sppx47,0.772752159371521,0.022512514551285,282.176231417588,370.89029716911,351.069082533788,145.991008359109
3,img78,sppx52,1.08435913677651,0.000105172592946,437.217414226873,238.368754097139,136.795656055444,25.3377924763517
3,img79,sppx13,1.99553569291089,0.042577362737066,182.914332007692,395.488261809191,420.680580399247,169.021785927283
3,img79,sppx19,0.267410920451533,1.13005298435543E-07,542.88604538826,113.829934265154,36.5868876540082,2.07457337540301
3,img79,sppx20,0.000390105973648,5.54771436169156E-12,194.044569164539,30.76175479411,9.87340937951745,0.038732479038926
3,img79,sppx21,0.35641090772882,0.012886425243731,346.767026022316,346.24931075786,306.578181343409,123.742486471013
3,img79,sppx22,0.014174742442317,6.77396848835187,141.562409253062,372.055902786849,274.923944140787,544.011739564602
3,img79,sppx30,0.332780125808599,0.930410057367392,109.993050552729,412.443270782561,493.101449956239,337.713789879191
3,img79,sppx46,0.006261505870245,0.740800843255807,284.652437000694,358.555499633324,266.051622915616,383.771089011855
3,img79,sppx47,0.590567388595588,0.047406470668473,264.697867753438,385.9865205588,382.870354901068,181.523737782703
3,img79,sppx52,0.022594511226573,5.87363556205344,121.746821083464,371.76558862984,297.54428387612,497.736484012863
3,img79,sppx53,2.62267934342596E-05,5.42082965639098E-07,127.681340280697,83.543892614199,55.2424735199804,2.61620866435804
3,img80,sppx13,3.13130214334598E-05,0.045876404690621,170.882822388146,208.702669976879,108.097791294971,136.552523464883
3,img80,sppx19,0.088317629330704,0.000125425228467,474.719634541693,220.103041231685,145.736364758187,25.7069636314379
3,img80,sppx20,0.002011077812927,0.029500886760177,319.364192430251,275.842885454515,200.642648025859,142.644103567767
3,img80,sppx21,0.01669367133394,0.011847862116991,384.930534799448,295.104782181478,237.690545678491,114.119442154755
3,img80,sppx22,2.83638669092332E-05,30.33624351701,148.981371303718,262.725255723809,63.3059787842557,789.284258412335
3,img80,sppx23,0.002653137325547,6.82366373312387,204.80069386081,357.582866599143,210.09249556834,623.315347579149
3,img80,sppx30,0.019190700667042,0.025194610145027,373.199937320853,314.271119804899,258.03664566372,145.786639728115
3,img80,sppx46,0.127884089809832,0.055239779947462,330.936553159178,366.42227600515,337.455909508494,191.368962030769
3,img80,sppx47,1.92870416361328,0.064264618371989,163.356704959615,403.630276214464,450.177438468342,187.225887592369
3,img80,sppx53,0.04228641394193,0.006199615463402,407.059381944252,295.845289938266,240.57303648976,94.7888240513271
3,img81,sppx14,0.079207229387655,0.137590708068712,4.89901198666107,184.421432032455,262.136653304177,43.4826073133875
3,img81,sppx19,0.000142204120588,2.16429153747818E-11,155.736754515926,33.9930291202582,13.7128937315597,0.062937429308773
3,img81,sppx20,0.000129142620954,1.18673866221249,211.768172720952,279.161854844967,131.933933662606,390.660786373737
3,img81,sppx21,1.45627622505516,0.010939580002517,270.899382776871,359.186954932227,325.072655756145,116.697923191201
3,img81,sppx22,3.09778109434149,0.051949186659184,136.477832035291,400.858296490351,456.541330701976,171.60183412173
3,img81,sppx23,6.14082578616439E-05,76.2501776148274,108.911528016456,240.716823635268,45.9047761709396,717.898448611153
3,img81,sppx30,0.443542691504381,0.000454590177306,438.307663896883,264.748212456728,182.053525530712,41.4964630755952
3,img81,sppx46,0.021127193802795,3.07598431796921E-05,445.62785271624,180.48619821412,115.928846409359,14.9894494184601
3,img81,sppx47,0.804454671856092,5.2566520633966E-06,502.870726596137,175.654859359599,75.1164799868749,8.70250536260933
3,img81,sppx53,0.009569086972484,1.73443969355635E-07,407.508834857409,105.075256729628,51.2694719565301,2.21200902233002
3,img81,sppx54,0.2525680147236,0.113690252523536,270.600942919092,394.033749271597,391.973384763657,234.037380318373
3,img82,sppx20,0.183052115069274,3.48987058092105E-21,359.858693758556,2.1815658399661,0.002821335638532,8.72313893297151E-06
4,img84,sppx42,1.72035802383832,0.185666376352866,105.271667185366,414.828791372224,531.907764427243,229.856807892018
4,img85,sppx44,0.158214503695748,1.92785154415712,84.0661960228077,387.404864201786,437.769230169179,354.20863931537
4,img86,sppx13,1.21788889688941E-06,0.136415419749639,88.5453499675537,169.168485311628,56.1227037048416,161.726611530105
4,img86,sppx21,2.66684111527104,0.088331017541843,8.7095361361446,300.164000386856,633.988257321053,86.4808988975029
4,img86,sppx22,1.78888190757217,0.01349092330179,246.676133366278,366.661136257473,341.174277206282,123.647921173613
4,img93,sppx38,4.33285822749933,4.84180577812973E-08,0.000149807846759,39.6968961597172,266.157038054717,0.107814321160321
4,img98,sppx37,0.912698595768732,0.202597822348972,152.468956240764,417.54247338819,490.72005170601,253.040546346148
4,img99,sppx20,7.52517474582904,0.005530602146583,167.443412213772,351.817506566287,306.55259153219,90.307561244575
4,img99,sppx21,1.54369652586707,0.336188133155935,50.7493854473013,392.30600497279,589.224894816734,216.521737636764
4,img99,sppx38,3.99143811515598,0.130021380847255,49.1948079722072,393.44811532987,589.405516194852,176.031046160498
4,img100,sppx21,0.132877330150209,2.18357851007604,81.8202955134994,382.198819455619,421.930240686472,357.499306181946
4,img100,sppx44,6.8695603174782,0.077358448609105,30.9317073140316,374.356323893726,601.91871582899,138.407955656339
4,img100,sppx45,0.861026913070649,0.024530821559462,271.342950698769,374.372362969604,358.580932608336,149.448224556826
4,img101,sppx21,0.152448777003534,0.298426006299157,246.278607965295,405.02161518961,404.866938625654,302.533121259894
4,img101,sppx44,5.89199396843372,0.088872721705382,24.2086020729991,364.059973346498,625.487673527979,132.317016097019
4,img102,sppx37,0.732429372118041,0.575501156728599,36.6566766306094,363.320940694378,550.960028579818,208.964100745975
4,img102,sppx44,0.087735696637965,2.83919998967256,89.4664946736443,379.59074745928,389.763359342234,387.002782479625
4,img103,sppx20,4.36480409210299,0.109886559272797,56.5665847120045,397.057298591103,571.667328358048,175.460733904586
4,img104,sppx12,2.7378053046135E-10,338.250375984537,19.0659646404778,80.7922970974007,0.828665393243999,672.230267978795
4,img104,sppx13,3.99169779736185E-12,936.212453186811,7.94684847968855,43.1954102305755,0.068933935007147,507.097786798406
4,img104,sppx35,1.96868580618354E-08,170.844928674974,46.68368267744,131.542058288734,4.89456943276312,790.320296033997
4,img104,sppx44,2.11561449830798E-11,1140.74570750618,12.6590003440159,45.6834985335195,0.073591186599292,473.992416733598
4,img104,sppx45,5.5853162665414E-14,831.577148549264,4.06641179982595,12.4451175802954,0.000633359910559,111.752501641194
4,img104,sppx46,2.34378803001548E-08,98.9228243270281,47.4796362769382,137.428122823908,6.57345846953878,738.719461012738
4,img104,sppx53,1.63239284211352E-07,62.0580332094158,69.0967691586669,167.695718608794,13.7219473052111,750.837420006059
4,img109,sppx29,4.41897074829207,4.52344547280157E-09,2.0868481784404E-05,28.1112490425074,151.06152302765,0.042283025524883
4,img112,sppx44,1.45757398216902,1.47824764825162E-13,506.185641145505,22.9173238202173,0.584605245118757,0.011162723789559
4,img113,sppx43,0.268077321236591,2.29135706593493E-10,544.738052714422,56.8547505024064,8.41008532461512,0.196572152271017
4,img114,sppx19,9.22072813564951,0.055384965169396,28.8502372982824,369.964370075461,586.341130227767,126.227839414099
4,img114,sppx35,3.5176346102181,0.000838957021168,301.40583143718,297.810062485643,202.719513398943,51.3011743194098
4,img114,sppx43,6.25931039450379,2.14555616837248E-09,459.880944400557,75.0602429984813,7.09302794812603,0.478589426366912
4,img115,sppx19,6.56251455262807,0.07819978393401,22.1938277930669,360.223248953225,625.985313030487,125.595181101655
4,img115,sppx35,3.16682937676654,8.98243193797142E-07,462.687652290812,149.998332688488,42.8357946789969,4.63482354178592
4,img115,sppx43,6.36835353820867,5.09197936641521E-09,455.756409987632,83.2801840940506,9.12025096891635,0.666429216806436
4,img116,sppx43,0.215740729070413,9.06167242926245E-06,511.897328865451,177.796289076964,91.0123341126935,10.3297623263145
4,img117,sppx11,5.97232308191082,0.004450432100273,195.994085107774,345.415618952155,289.868946183312,85.6788960687064
4,img118,sppx44,9.63548009368198,0.006628002781867,139.005522676057,356.599853315482,323.212511558859,93.5523036966394
4,img125,sppx22,4.82414610646552,1.8868570293914E-07,0.000435995370873,48.4285304335071,321.281250144824,0.194615359793995
4,img125,sppx37,0.044961327500505,9.70568527677435E-13,1.56956383946945E-07,6.52286534834203,151.857757481283,0.000407621144593
5,img126,sppx44,3.12397839297405,1.50644853331353E-08,500.356682278134,94.7254893165852,14.8087788286111,1.00581317172619
5,img127,sppx19,0.375038719518689,0.281517409965407,196.398671664241,415.639982421301,453.154384828646,288.328375799629
5,img127,sppx20,0.123429842832988,5.61590283264737E-07,521.919671334272,131.503365777034,54.9988289040361,3.69384606709102
5,img127,sppx21,1.21287729176903,0.012884609963322,276.731632519956,361.598282581182,330.799058154537,122.931455600917
5,img127,sppx35,1.53500027249712,0.000704206005025,367.000991224112,287.109935213271,197.068730698311,48.5982720537221
5,img127,sppx44,4.63663906959671,3.00358307004288E-05,371.983488937875,218.045912117912,95.5005244453941,16.4370852979528
5,img128,sppx21,1.69668008084634,0.016549395589658,241.462380661065,371.462224509725,352.457492068478,131.40169446446
5,img128,sppx35,8.11807255271422,1.82263463356227E-05,335.058355879495,208.672634447655,80.0711708533668,13.740406097053
5,img128,sppx37,0.308125073062548,0.009728535940489,1.01462233433771,150.761277500043,374.287709694834,14.6275488543869
5,img129,sppx42,0.088991049286332,0.421193956865041,252.912445449733,402.015647120389,386.296808869061,332.546589516835
5,img129,sppx43,2.4792509507454,0.123107501997,102.512587420328,411.008092441244,523.114828092385,205.941482033884
5,img133,sppx38,2.0258502245713,1.87804927502713E-08,8.43849772406461E-05,32.8298321704158,284.690529046568,0.059045865305481
5,img139,sppx21,5.49869987714986,0.072722560721555,13.0773787355044,332.816928601353,650.207394229194,102.750446508234
5,img144,sppx22,0.036699910701682,1.8885123471056E-10,1.80321176466402E-05,12.1584994581648,196.778841759784,0.003041633706892
5,img144,sppx37,1.75059887127002,1.53292929495065E-09,1.07986418832592E-05,22.8599250909607,186.387752817572,0.020917311053945
5,img145,sppx46,7.81811631242139E-05,1.74016050537697E-17,8.58838311859457E-09,0.884636024595024,37.6866660446539,9.08027561803807E-07
5,img146,sppx21,0.048881794676751,6.91169927770637E-05,0.06483564684223,59.0877389121028,183.120045057098,0.89836762706417
5,img146,sppx38,0.00497259710913,0.156510058205277,4.70326613160483,122.126949517431,81.2654696703955,26.1959771566776
5,img146,sppx45,0.000526800032055,0.719616439276652,9.36534390654646,109.073594705161,30.6289730891323,39.1232702806051
5,img147,sppx20,7.47928672840763,0.007170135226087,1.39171824323726,226.712945473819,648.541482005146,28.1372334196438
5,img147,sppx21,2.15030303030394,0.091822752637445,133.645170395654,409.495252654488,485.390383359754,200.187563070416
5,img147,sppx37,0.142504738263218,0.354938942659812,10.0020161949625,237.929649329339,342.109456481084,85.509947147724
5,img147,sppx44,0.14775858891516,0.280517689561845,251.209541229526,403.481334578599,401.153431549289,298.224601318516
5,img147,sppx45,0.142975043274621,0.000155153033656,475.396137540193,229.299189275623,151.272208470861,28.0235656329096
5,img147,sppx51,2.01089700055304,0.211776215274549,21.2453671254201,347.230417026705,618.634645627968,144.871522632896
5,img148,sppx12,9.36120847781433,0.045949783442204,13.433095116508,337.292089148305,632.080833594567,96.527033087333
5,img148,sppx20,1.46348039138438,0.133082703599865,9.41886118293685,292.670599805698,591.023914931785,91.4018720417477
5,img148,sppx21,2.73303278975298,0.099290232041298,108.420674189567,409.252044765522,509.210938973691,196.847711388967
5,img148,sppx28,1.21235160385862,0.181393187587638,11.6518909188374,301.245620417409,577.83819213935,104.794271094497
5,img148,sppx36,3.22268706440716,5.30078479216765E-08,0.000171548334167,39.3010388660218,295.582582526821,0.102827075304443
5,img148,sppx37,0.87080102472504,0.004531622669016,0.643050017601459,156.461058487095,485.254447847449,12.64745096199
5,img148,sppx44,0.147318227258756,0.571867001659816,14.4623910037923,261.708717262062,358.660151754629,115.313098872444
5,img148,sppx45,0.227673865032278,0.759142129807773,161.016478502992,418.355468456348,459.215831622602,356.044392673815
5,img148,sppx51,0.072115963041193,1.23956678025844,21.9941767821968,270.37524599388,302.556019040709,155.944070899128
5,img149,sppx12,1.59859889483941,0.212122645578585,101.565640954832,415.056927137584,537.760284863367,235.722783678231
5,img149,sppx20,1.17651254959707,0.181623354390201,139.39113445739,416.86972204603,500.405526386174,241.85656275136
5,img149,sppx21,4.74858806908019,0.002750282131564,234.276748875274,331.423574936349,260.204487650982,74.5865052790904
5,img149,sppx28,2.15903551897479,0.145628236780311,102.909335178686,412.64630944183,528.260183821518,215.165812980578
5,img149,sppx37,1.3947262155009,0.003138185169394,0.516535413541543,158.366020726982,531.035678725158,11.7837125253564
5,img149,sppx44,0.144402103479682,1.74198992078607,116.729683486384,404.315943069388,438.137834870844,391.353814697805
5,img149,sppx45,0.223430041517134,1.54082390707427,70.9093173738558,383.174164087168,462.30963248694,318.893416751691
5,img149,sppx51,2.23432999247769,0.184676447687121,19.2138516451055,342.953433323051,624.577015614466,136.314769888593
5,img150,sppx12,0.040512481123255,1.01307583850086,16.3825041217312,234.777061740193,238.146563344993,117.731812791439
5,img150,sppx21,0.380122505423927,0.932765880437615,94.8355397598932,407.771546817218,503.879889890258,323.101685730059
5,img150,sppx28,0.711984071237267,0.552154650568145,90.2278906111541,411.587119693481,537.03979542749,285.37838701705
5,img150,sppx37,1.05122582712805,0.252813420426618,15.3138163091396,314.935090998161,569.632839286612,124.738614293912
5,img150,sppx43,2.32908956257558,0.19518096836778,22.4037242633668,352.457796678453,624.731045091459,146.610353063487
5,img150,sppx44,5.50809792777421,0.070303248050695,12.4135853637372,330.089276960837,651.351817128003,100.147372727786
5,img150,sppx45,0.029838001843599,5.39312096345609,101.1218412885,364.51415276106,306.668408276913,451.512646771742
5,img153,sppx36,0.012277958978528,8.39555726735551E-16,1.75465747986427E-10,2.13165678584077,29.1636742081847,2.39310568018639E-05
5,img153,sppx45,1.39439198976129,0.006673345825013,294.386565390262,345.604709007797,297.635879843151,100.447687996016
5,img154,sppx37,1.58916584694266,9.78505067600822E-06,0.009840538843569,73.2562766068853,466.425638913665,0.804892138953635
5,img155,sppx19,0.715712716649872,0.074766606073585,4.48666365194043,234.618880640403,501.842064161758,52.7793590852737
5,img155,sppx38,3.31707450115493,0.001532152729159,0.339079688929191,160.400350647229,592.019159972875,10.2477878964838
5,img155,sppx45,2.07453167926717,0.127104901631019,11.0164881648284,308.964794049906,619.90255913891,100.254284854097
5,img155,sppx52,0.001941368775864,0.000847437550127,332.097151189945,210.2635784039,153.35896964634,43.776552240747
5,img155,sppx53,4.45365411076419,0.119131079911376,43.9527972077433,389.145397588935,594.990241138906,167.505978396802
5,img156,sppx19,0.111922031830425,2.41479236921032,89.4143547440155,384.563217375487,410.570190497268,376.908668149728
5,img157,sppx13,1.14217649613679,0.005403697813465,0.739053062007494,166.758072914045,516.941016890651,14.7482413121833
5,img157,sppx19,0.007415343651361,0.969499059875473,275.242377252989,366.158261516308,274.043034095106,412.131470700028
5,img157,sppx22,4.88071500842351,0.087977432885919,15.3008180733453,339.995693747164,647.033390790862,112.354117498912
5,img157,sppx46,2.93786384836962,0.105503812460859,11.4689728636262,317.452605334446,639.582174948947,101.110574978712
5,img158,sppx13,0.097901295385185,5.26832976177167E-06,0.012059846000039,47.1670518742655,241.555452323115,0.318785709591682
5,img158,sppx29,4.86292263456175,4.6709982070214E-09,2.10872488076514E-05,28.3665223779189,143.612427393498,0.044101949469454
5,img158,sppx38,6.54149506774819,1.70460403417647E-08,5.99078586773666E-05,35.0062434852296,175.232292878885,0.080097183118907
5,img159,sppx13,0.002971502675616,0.170063931796659,4.88574264719894,114.059778627065,63.798486545481,24.7841745831043
5,img159,sppx52,8.74530374430131,0.000501945607229,239.987887476554,288.589840896531,177.338944696937,42.6569696290376
5,img159,sppx53,1.03841165705242,0.28499363062627,116.847716843373,418.28585300312,524.700005981017,261.448149328248
5,img160,sppx22,1.08685592458293,0.00117731265675,0.262675578580426,133.115216217776,494.739173790201,6.85039223744063
5,img160,sppx29,2.65867304407902,1.81213632143759E-10,1.39019638813816E-06,16.5792515998495,65.0428691278322,0.01077187157134
5,img160,sppx46,0.755793153468222,0.003403828597962,0.528155964858333,147.185092054895,466.471995959796,10.6026237224787
5,img160,sppx52,0.008973744869751,0.001391765670997,392.729025577699,240.550582005241,181.934525164356,54.9490965110932
5,img161,sppx21,0.008628465526317,3.27456413553296E-13,3.03155573916563E-07,4.86140007645858,138.289670356932,0.000161537573893
5,img161,sppx37,0.316885456984282,7.35244367154165E-10,1.37011937155925E-05,18.1959550739804,257.645460870163,0.009472319564637
5,img161,sppx44,1.84906894078529,1.08337178362669E-11,1.14510952559627E-07,9.90272673514762,16.5285569966691,0.00358973627107
5,img162,sppx22,0.009878996556801,5.26458913940168E-11,1.66538364132348E-05,8.83336309706923,133.691503070279,0.001283695608528
5,img162,sppx45,1.5357578178489,6.04855707167944E-07,0.001341360796701,50.7139727249488,409.339857868916,0.234763659605333
5,img162,sppx46,3.78195927580568,3.10703670766192E-11,2.93232586589033E-07,11.7762796490562,12.4960881446382,0.006628408096201
5,img163,sppx22,0.001154293622782,2.49578419655238E-17,1.37102692771567E-10,1.24371054351534,59.513037524031,2.76852870773381E-06
5,img164,sppx38,9.6952143617253E-06,1.74463948723942E-22,1.21557234272723E-13,0.191115877870373,22.7058889362036,9.21326117790771E-09
5,img164,sppx46,0.647338055622799,2.16684501124277E-12,3.31664927403556E-08,7.64463444050641,24.2010025307473,0.001422279313581
6,img207,sppx37,0.947045437221102,9.87670751024436E-08,0.000399746603642,38.082679718722,364.396669787287,0.095609391939802
6,img214,sppx21,7.13826352700155,0.022172190681962,3.86526261761417,273.052068957848,659.530337576944,52.155463033243
6,img214,sppx37,8.3357241319902,0.059242098614901,19.4316953863687,354.293271059531,621.143483769967,114.174323433746
6,img218,sppx13,3.67246886728099E-16,1650.62301536219,0.964307191352756,9.45427929896886,0.000220094567805,162.394814930818
6,img218,sppx18,2.02242047973849E-13,836.895569978557,3.52160536747844,31.1155854992805,0.024085831519313,415.281545363069
6,img218,sppx52,1.43869591769407E-08,285.569912582219,44.3935742884703,121.883856829746,3.29358679291509,806.844268335414
6,img218,sppx53,8.56478786341973E-16,1317.58667904161,1.4618277434808,8.23232488650574,0.000123321693004,111.458178015876
6,img219,sppx14,2.14258985058392E-14,1579.58247120937,2.55903176136706,18.2158507986677,0.002520898085528,272.888865524617
6,img219,sppx21,2.17917295147629E-13,1304.90072757506,5.12998693161115,19.304803996933,0.002951589019727,213.38735419236
6,img219,sppx22,5.15760917791254E-14,1505.85573211439,3.09908672000843,21.2400330245012,0.004523715958812,308.965103644298
6,img219,sppx37,6.73532835159783E-13,1054.45415369307,6.65265162756477,20.5243980141817,0.003878764486542,193.041365367641
6,img219,sppx51,4.34573372816134E-15,976.583970382512,2.30094761518699,8.98898799553109,0.000179051355533,96.4472859111461
6,img219,sppx53,3.90411702547838E-13,1315.66042027512,5.78050955355468,21.4347544713542,0.004348318985189,235.124536909266
6,img225,sppx45,4.59226129869113,6.64963821220326E-05,0.035863855724766,107.383123144369,537.49804713143,2.50484433350124
6,img227,sppx30,1.14154447644213,7.99970478487827E-09,5.18792040307244E-05,27.8956384671995,285.805397325852,0.035522962216165
6,img228,sppx38,6.11142070133125,2.31688375182896E-11,2.91326180755814E-07,10.6986480649284,4.02007833722042,0.007156819445845
6,img228,sppx45,7.88230864459652,0.000582658105631,0.189745115849384,155.720392554588,595.909475611421,8.02053816360428
6,img228,sppx46,4.75613823746416,3.1274323862926E-06,0.003773671829727,71.0435279013769,440.439647888879,0.642369118315523
6,img229,sppx46,6.5885356242846,1.54932072674028E-06,0.002167778268014,66.6212722118159,393.043584530911,0.517065644222637
6,img230,sppx30,0.577533324579808,2.11774308517967E-11,3.66563790252112E-07,11.4838380753001,99.6511509159649,0.002954758326376
6,img231,sppx13,2.95848362219128E-11,513.857068928936,11.7047157078282,60.4728839380867,0.275229771514622,598.315662859337
6,img231,sppx20,2.28989898436881E-11,1041.96433469879,12.5355246342654,49.4969694481916,0.102552711067865,524.933815958861
6,img231,sppx21,3.48308011615319E-15,1526.3901201606,1.92024383642422,11.3104466603473,0.000400811916729,159.737144839058
6,img231,sppx22,2.57652099491273E-13,1445.28960400224,4.63012339367834,26.161702434783,0.009573664017535,350.315454834847
6,img231,sppx36,3.48919885686877E-11,1050.72468881115,14.3384855602133,41.3470936379831,0.051278018223542,368.046125507749
6,img231,sppx44,1.51060242315451E-08,312.218212489917,44.8228348107687,120.96353596849,3.12884412263706,807.375301950938
6,img231,sppx45,1.69288514235216E-08,180.658233727142,45.3684706345299,129.16361074852,4.54526795702072,789.556125190278
6,img231,sppx46,1.44917356847661E-09,726.354035296752,27.9337719501799,68.1117475053391,0.342768179044542,483.776457070717
6,img232,sppx13,6.40798356395079E-14,940.460329425244,2.66628549883705,26.2836782027695,0.012758751963051,374.624678580314
6,img232,sppx20,2.39430773328189E-10,332.728951916857,18.432674742545,79.7642830887193,0.799896914772903,665.97379791928
6,img232,sppx21,1.5246454629706E-12,1091.14300950492,6.48825106346454,37.0076064018662,0.037760926144804,460.201238836248
6,img232,sppx22,3.98281933566895E-17,1180.12993144424,0.699176593507704,4.98638568964921,1.92631415588371E-05,73.0688995742939
6,img232,sppx44,1.99947965524345E-11,1165.97151091096,12.6596894031182,43.4188956530044,0.060363418805908,440.789116360753
6,img232,sppx45,2.56148019474211E-14,913.623429717094,3.42381339862226,11.4572232905018,0.000452951971175,110.945588899151
6,img232,sppx46,6.60012947391282E-11,953.889125773368,15.716691783863,56.5147360236526,0.16708414242033,561.446347964613
6,img232,sppx53,8.94884424143732E-15,1149.22028852495,1.67070629891997,19.3194732398905,0.003932948050301,306.360876954984
6,img233,sppx13,2.85430492063494E-12,319.451738494429,5.86820243900068,48.3576434743487,0.16032418730849,486.888217480758
6,img233,sppx20,3.67721325889077E-11,697.66501084247,12.9707687950657,58.9228791733651,0.222424804856201,600.838929976967
6,img233,sppx21,3.92616275286476E-11,1079.16657057874,14.3728015688244,49.7643208953888,0.101367519906482,498.779186068392
6,img233,sppx22,3.6050685547749E-15,1605.8550281737,1.60969442216083,14.3183746992482,0.001061331951125,233.043871797545
6,img233,sppx27,5.38461838995791E-11,1073.42610916663,15.4827501734044,49.1565166476081,0.096103725293644,468.390780528736
6,img233,sppx38,1.099616572499E-12,724.127257720394,7.38442548993737,18.908258478278,0.003174673982878,143.889953594544
6,img233,sppx45,1.9969794478938E-10,825.931434169799,19.645659372977,66.0303589156836,0.300626485594485,613.394123874798
6,img233,sppx46,1.73789508583213E-14,1318.12011429957,2.13302176413955,20.0833659861202,0.004128788771054,311.691488855028
6,img233,sppx53,2.54955033076441E-11,629.482559476759,11.6573075915855,57.7180120672151,0.217064288578295,592.197309223813
6,img234,sppx20,5.81741964538107E-05,21.1336632253581,164.149278104553,278.793135798752,80.9558628036726,753.417988895461
6,img234,sppx21,0.000447286017153,2.48229802187796,231.431501448559,315.014362167923,161.997087800722,495.919717725737
6,img234,sppx36,0.000132467139486,30.037801425617,159.88508089117,290.332726533406,88.4212434105266,787.089981706961
6,img234,sppx37,0.000145632545302,38.6609907074482,148.257665551268,285.59627795167,82.483272193776,789.370215286559
6,img234,sppx44,0.003543448850426,4.91255777163485,216.706518830557,363.73904100106,228.661590028043,588.092015841095
6,img234,sppx45,0.000104958435556,6.56295935077135,191.399923472902,290.202844035463,110.822956324495,602.646856334782
6,img235,sppx20,7.8806480739276E-05,6.81685584524582,185.630476052326,284.147709107164,103.708844915234,602.853388959544
6,img235,sppx21,0.001175457294106,0.934003982678818,264.589584128088,324.884002271724,200.681861700744,394.007258410797
6,img235,sppx36,1.3493379104036E-05,77.7685530593084,121.939477236234,235.906520953478,38.5363605018583,852.534595456185
6,img235,sppx37,0.001382516708666,5.09060067193747,223.033483076428,345.094823319643,191.520921048813,595.769887980458
6,img235,sppx44,0.014332675451172,0.096339233819462,341.664925214739,337.89494549493,276.320156212639,218.808831655286
6,img235,sppx45,0.001281211369338,8.21317183688436,204.709724982665,343.539088991494,179.478896070262,649.786001091888
6,img236,sppx20,0.000565261581202,13.6215785093279,188.168694288758,325.298501452025,141.852677473516,707.065388373889
6,img236,sppx21,0.001160234955176,2.70695873365961,241.55141518475,337.246869592046,193.40638213903,517.352771103005
6,img236,sppx35,6.75800877650376E-05,58.6887849134538,131.668780172042,262.583071083419,59.425750455797,801.813544167047
6,img236,sppx36,5.58647102507041E-07,269.200925849855,64.2375416080316,139.209699682998,5.56455544302228,622.706691963967
6,img236,sppx37,0.008254281375761,2.19566410698707,240.974478051796,377.265612239216,276.922850323064,498.590725470108
6,img236,sppx44,0.01085436924965,0.302704373178767,310.870786783977,355.06454161659,282.674450012893,303.499199682098
6,img236,sppx45,0.014169545184507,1.3227712168586,253.99452543189,383.436179784526,304.790343016482,444.520241053509
6,img237,sppx20,5.6547400896927E-05,15.8203034848252,168.799095980922,279.014916558685,85.1333445288674,715.116875722379
6,img237,sppx21,2.13368153018364E-05,21.7915350605518,149.604661367595,258.663239535243,63.98429072409,742.392445348352
6,img237,sppx22,0.000212348064068,2.11604609635239,219.033441909559,296.664866114026,141.228482581019,465.339330072874
6,img237,sppx29,0.000158253161926,2.16737952865318,212.16184779361,290.389513785758,132.957634030293,463.594064923944
6,img237,sppx35,0.000114015756185,24.9043943298029,165.864084388001,290.403808733981,90.2048749536653,774.350834755423
6,img237,sppx36,7.42026496138509E-08,348.632338353734,57.2850787302118,132.792677287287,4.1490283302503,796.092862709178
6,img237,sppx37,1.64188986702875E-07,207.26829557495,67.7454543571472,155.76410464504,7.97473448866855,855.573815710982
6,img237,sppx44,0.000666583124864,1.22383507733256,249.949634388723,315.823130198796,180.108675240709,417.06637380668
6,img237,sppx45,0.000768509229463,6.23139750471769,215.845757707527,333.311964149148,167.781886623492,618.678181302919
6,img238,sppx12,1.83057111020547E-07,196.081079819699,69.1116573496453,158.205268719449,8.50407799149101,857.456130924324
6,img238,sppx13,2.34590356451354E-05,48.2338956416762,137.846976732467,254.199849424042,52.874352463569,832.485022069662
6,img238,sppx19,0.0003222459138,5.53221573575251,211.746249531417,313.970002430858,142.698611190745,595.876642963635
6,img238,sppx20,6.66395178746101E-09,610.506460093671,36.6154460522979,87.438832656868,0.86448151469343,587.977155150459
6,img238,sppx21,1.6821209520277E-10,906.040110222867,19.182100371569,50.6257145821882,0.111174934779122,406.877782255574
6,img238,sppx22,4.83535473363118E-06,7.54250207347381,126.204282046864,226.474555510307,53.8913711548239,554.201899844683
6,img238,sppx29,1.42046385727347E-06,1.2289163954883,97.8883480674562,191.175553464585,49.7444195413511,317.381110725975
6,img238,sppx35,1.79166545376209E-06,106.228571869691,98.5444939423115,200.580677545518,21.1316864494501,868.925534947896
6,img238,sppx36,1.68839988225876E-08,100.758512261175,44.3384220705428,132.969298217314,5.90652789963129,728.164128235053
6,img238,sppx37,2.34624172865541E-07,287.76185070664,67.446397267294,148.660407386268,6.39123219405857,805.120954970572
6,img238,sppx44,2.97688429709572E-05,9.78323355916017,163.220427632014,264.838093693036,79.5792652640483,634.814806947568
6,img238,sppx45,0.001766602636586,4.58155354870482,226.217176218327,349.851121080725,202.326927066739,583.541322431967
6,img239,sppx12,6.86758187651579E-08,415.427299511268,52.7320153159035,118.060241340383,2.72010730675225,674.775350139449
6,img239,sppx13,0.007371487978174,0.515556264314892,295.471651881772,356.254753943593,271.293925749599,349.241955470009
6,img239,sppx19,8.05778719146017E-08,332.592475914242,58.354697893687,135.335228069488,4.46992473571291,806.632201834835
6,img239,sppx20,2.45975390577869E-08,393.838411388969,48.3511791082433,120.155854904704,2.86355116118574,789.679509562584
6,img239,sppx21,6.34290350355715E-10,811.574257259036,24.8254116310993,70.8324833483275,0.380555143543561,593.536337618403
6,img239,sppx22,3.66522420946804E-05,45.0916628256588,142.695567839127,262.60260028954,59.5903287122045,825.968317171046
6,img239,sppx29,1.61533385095679E-05,37.2776433848097,138.638373859287,250.594178490457,52.6193820118238,806.252121332474
6,img239,sppx35,1.83553879883787E-05,82.1141371257736,120.877662936393,237.656745216427,39.6102621365591,839.288628347388
6,img239,sppx36,3.50598736325751E-06,40.1035485588021,115.454139334732,221.859075021485,35.5802364048214,785.865279176684
6,img239,sppx37,0.000187780415989,49.2128424408529,84.2421856474744,232.971379129857,52.7061092605874,524.12560312744
6,img239,sppx38,0.000381659858199,21.5901100316983,169.967625811415,312.632593005721,118.934438054928,747.462065613125
6,img239,sppx44,0.001969798504862,7.17989290615887,206.553196870933,352.04565842727,197.766321825229,632.106498952535
6,img239,sppx45,0.027751638169347,0.00574168390557,404.445171957089,287.424304993779,230.883939399464,91.4240693209683
6,img240,sppx13,2.47908550648552E-05,24.9446681206286,150.188388049386,261.215385105628,64.3287684888719,763.180972434266
6,img240,sppx19,2.2776042767975E-06,197.712623414733,77.5112325111204,167.391103454966,11.1488745706636,679.344140857849
6,img240,sppx20,4.24002127084447E-09,493.761292558422,35.4229542253771,99.6429720572357,1.43427354747585,749.072304553384
6,img240,sppx21,5.43073552490698E-09,547.955266353633,36.93174740653,98.0969570313865,1.31590513557251,722.861834993593
6,img240,sppx22,2.50652023860317E-06,53.2002373034131,108.646059502454,214.185564858921,30.063748769932,813.867513194319
6,img240,sppx35,8.57725731760876E-09,549.230036373105,39.6664492733066,99.9552545188718,1.40231637078223,704.117802795425
6,img240,sppx36,5.12053596581342E-13,1291.0622861403,6.13736385302078,22.139369800371,0.004917742308507,238.202265921479
6,img240,sppx37,1.56301811220528E-10,807.890624648509,18.628710246143,45.9935427714979,0.081552081277703,338.956964257928
6,img240,sppx38,0.000340737201285,13.714644951716,188.488777192523,315.780395009012,128.116014221957,710.830525605111
6,img240,sppx44,1.01452720147283E-05,4.77935376441853,143.025148881144,238.614817685321,68.2231652858636,510.432558745707
6,img240,sppx45,0.087461449025009,0.029548940390338,362.675660373426,344.923509728793,304.149363869277,157.94369555336
6,img241,sppx12,8.23405553664754E-07,173.929938142052,84.6755765315847,179.01890946682,13.1873435173698,863.110330906423
6,img241,sppx13,7.94175332081697E-08,59.6356437595459,59.990795104617,156.771487926232,11.3060728782449,719.353075948962
6,img241,sppx19,2.35665975641593E-06,65.1868165810714,106.405028834942,211.448569679462,27.6582431398732,835.669035449562
6,img241,sppx20,3.76263760434504E-08,450.049990328031,49.6116458111722,114.879855889412,2.39778041378497,709.29248573691
6,img241,sppx21,1.39362101058562E-10,676.469346197047,17.6726359049507,68.0194095509937,0.36212830088875,643.694419736148
6,img241,sppx22,1.32897259918685E-05,28.4819751454175,139.237160426284,248.500389796527,53.872979814136,769.64069598723
6,img241,sppx35,2.60625622300775E-09,678.686300455087,32.0576787408707,84.1206611607032,0.728912404979835,637.973410496083
6,img241,sppx36,1.64824783205904E-05,113.878343946773,100.131259571994,214.308321773631,28.3261872936484,742.339580600227
6,img241,sppx37,3.97635130547829E-11,998.663347480576,14.6864856282972,40.6565501518801,0.048880109912118,347.243565304536
6,img241,sppx38,0.089490106298529,0.072223238586473,331.340748117943,366.459359342157,334.205736492728,206.589986749952
6,img241,sppx43,3.90808163022294E-06,17.5633589045792,120.61286668708,225.074462831381,44.3129907494273,670.264192120119
6,img241,sppx44,0.00035571255851,0.058476592024345,255.805996170192,255.563883816062,161.396029194482,165.379587564151
6,img241,sppx45,0.00933233310905,0.296901023212713,311.347913690319,351.50646326269,276.340269301054,301.023310525416
6,img241,sppx46,0.00269418488269,1.1102453287561,270.655803843728,345.847980425206,231.300097800746,420.58972213281
6,img242,sppx12,0.00013414585025,0.99221079303267,213.852444190201,277.796495173977,133.968167390531,372.107461195881
6,img242,sppx19,1.40315654010607E-05,2.57963804802846,151.51007944184,240.472453393067,78.3933976741627,439.832244113718
6,img242,sppx21,4.27496658353697E-07,108.707769677482,81.1002084386985,178.75933978202,14.5186819415426,846.432413531506
6,img242,sppx22,2.26681305369293E-05,0.856271518778958,164.661370911282,239.232537624284,94.3400073041745,329.909325166694
6,img242,sppx29,2.87215663857646E-07,13.1005027214002,74.8043818299419,177.112025601842,23.8117465725352,550.992130765144
6,img242,sppx37,0.000106338436247,3.17076892243092,199.626366626045,285.276032046292,119.243660633749,504.748749578451
6,img242,sppx38,1.65561561549142E-06,3.39086427506907,103.252306288255,201.405429720795,46.2315738030658,425.998713345713
6,img242,sppx39,0.002966876267873,0.213200893972584,306.366318057356,320.967120181512,230.68359897591,265.967922819294
6,img242,sppx44,1.72285893157605E-07,3.34756848697843,63.8487242188885,163.128007184603,26.1792492305417,373.545302271795
6,img242,sppx45,0.011779947237145,0.000154196207497,415.376065590345,202.531803282039,142.612408579733,25.9699379751355
6,img242,sppx46,0.0011346808101,0.001002678780956,307.741783638859,205.855091441998,148.316959195231,45.3503609868741
6,img242,sppx52,3.65604714558939E-06,0.101011842879077,112.0932520475,183.111253717551,71.3596807916649,156.597760605178
6,img243,sppx12,1.56614691332043E-06,30.1577206475129,103.200544304842,207.886785737437,31.158213816059,723.295437233013
6,img243,sppx13,5.79860479773951E-08,54.6364798198398,56.1164552404864,152.306428168619,10.6083108557283,695.729863805082
6,img243,sppx19,4.67177057893585E-09,336.290606130107,35.7488932306923,107.663350616027,2.09570636942926,775.644913842348
6,img243,sppx20,6.20440171500176E-09,168.84903070779,36.6868480589462,117.562017598312,3.44909264375375,745.361239734692
6,img243,sppx21,2.22866928824082E-14,1244.77836406527,3.17067325434681,13.0079838588071,0.000683399143494,149.712606355592
6,img243,sppx22,2.6395429343034E-07,64.0698413131266,75.518199542257,175.169726767798,15.5410175650063,771.751644214966
6,img243,sppx29,4.3257116501174E-08,451.394557565429,48.2308794508882,108.204022381577,1.98469421044528,624.543417027924
6,img243,sppx37,3.67061091229852E-12,1308.67126877114,8.97847172856147,33.2550021646577,0.022213318741452,361.774767210481
6,img243,sppx38,5.0893637623211E-07,14.9606177801449,84.1456692349849,187.210559579809,27.0317828215522,586.739300193207
6,img243,sppx43,0.000171436178188,40.8057736786037,143.282195533783,285.102823695324,82.673410639049,777.469981206008
6,img243,sppx44,1.69361926495388E-08,198.478225981993,45.4943760445548,128.271585222515,4.32440593251815,796.724238097892
6,img243,sppx45,0.000310970793278,0.075499675835708,250.392610876605,257.192959768917,158.93780429369,178.20547941056
6,img243,sppx46,0.0020552061464,0.018214874668476,323.486320266758,267.075867401575,195.632330798064,122.257685811582
6,img244,sppx12,8.46677622326033E-08,84.2319503982347,61.2124847722114,156.357334951354,10.2227006899217,767.119992927648
6,img244,sppx13,9.97689858393355E-07,3.61050490287042,93.4370011161989,192.739261315198,40.5018550618849,421.693989791185
6,img244,sppx19,1.23812037863193E-11,1210.34110991846,11.4842402975765,40.4744969266294,0.046392383971814,420.711964240473
6,img244,sppx20,8.30005377007345E-09,339.610293675765,40.0660598145551,113.34459565341,2.46813567589377,791.43670246883
6,img244,sppx21,2.05848367193007E-10,868.964085110839,19.8962468399615,64.4590396790237,0.270582352800157,593.54382219895
6,img244,sppx22,1.02629350870926E-06,19.2133686891753,96.2442184575299,200.133899038017,30.9034379465965,644.226051938265
6,img244,sppx29,5.09859545350931E-09,485.098317761576,36.6552287374024,101.550590900605,1.53610300942294,753.230176321715
6,img244,sppx37,2.42963868879052E-08,290.515969255728,48.8777811292642,127.321784500469,3.77535465794859,819.049216497049
6,img244,sppx43,3.62311267924225E-12,666.325361088922,9.21583838320546,22.2275753153938,0.005968390721018,157.024378877352
6,img244,sppx44,2.61272315841284E-10,422.057812812751,19.3191139896413,78.4913029616983,0.695972902297651,678.480937406366
6,img244,sppx45,2.59413912734061E-08,60.0802538590045,47.5090757503876,140.536335381869,8.10605376274876,678.312808270612
6,img244,sppx52,2.42994478661006E-08,23.8784826278918,44.7413175623789,140.143358830001,10.3680012086345,552.26654632437
6,img245,sppx11,2.17684022831178E-09,706.765816057773,30.9270171852342,80.5555755826221,0.619798647805994,611.229701297659
6,img245,sppx12,2.00517740996138E-08,241.824839752233,47.1876792515014,127.996786433057,4.05129533768015,812.718132933286
6,img245,sppx13,1.7775911578794E-06,27.9449481332006,105.48221959144,210.289558206226,32.7968530136158,715.967748097761
6,img245,sppx19,3.80559720274968E-10,818.99944810099,22.0809167482103,55.4915933830336,0.159401559361242,417.018409381592
6,img245,sppx20,2.62505221216252E-09,688.930658473513,31.1605977329489,75.8678147288429,0.508466685055412,533.158365233084
6,img245,sppx21,5.25305514962944E-12,1018.66374214733,8.70237850685012,43.3619343159966,0.066844847542478,503.732340597458
6,img245,sppx22,1.77873838616323E-06,54.0584431103395,103.459100387085,208.073889910956,27.3979391960819,807.372129708014
6,img245,sppx29,3.17525355305746E-07,74.8311645665347,77.958077262732,177.292324574906,15.5086483574476,797.764954249261
6,img245,sppx36,8.33472582772788E-09,413.857492154499,40.151469067229,109.565752041348,2.07667955646862,779.553486169863
6,img245,sppx37,1.19703709974771E-07,171.871219455396,65.0581373322082,154.92766896778,8.21308338490277,846.477402044372
6,img245,sppx43,3.09103708971161E-12,990.632541470999,7.5574377008587,41.3111665903788,0.057649310703462,493.166325684636
6,img245,sppx44,6.84698755028872E-09,15.2759414005255,32.2031379657295,122.660083792934,7.93921011055613,457.143628161021
6,img245,sppx45,1.04813029610884E-07,32.3632058999388,62.3751505250456,161.949453991289,14.6385140541457,644.012168388374
6,img245,sppx46,7.01593700078646E-05,0.931698017429974,196.185793108028,263.264873717382,118.23172439584,355.824189902655
6,img245,sppx52,3.31120375560509E-07,40.1205649096954,78.5604701565181,180.326448942443,19.0705546125863,714.600955101537
